parameter,mean,median,sd,q025,q975
r2_within,0.0251323994931675,0.023134105000000002,0.013287541714266398,0.005126997530000001,0.057082551725
