
{
  "stepsize" : 0.26736221,
  "metric_type" : "diag_e",
  "inv_metric" : [ 0.30676404, 0.3509107, 0.66769244, 0.47964665, 0.68773294, 0.17107149, 0.92125937, 0.98751521, 0.96172704, 0.9095213, 1.0232876, 0.8702972, 0.75893535, 0.95935646, 1.0144129, 1.2670074, 0.97543449, 0.9061351, 0.86103135, 0.84171573, 0.95049729, 1.1449908, 1.0846047, 0.9209563, 1.0172514, 1.0893471, 0.90482276, 1.0136721, 0.92964416, 0.99268348, 1.1486634, 0.90013631, 0.96349503, 0.93813254, 0.8882849, 0.99929566, 0.93425461, 1.0131213, 0.7902952, 1.0003646, 1.0164588, 0.99144315, 1.0719825, 0.95914709, 0.99423001, 0.96781681, 0.9478791, 0.87466445, 0.9244952, 0.99447832, 1.0991487, 1.134562, 0.94154288, 0.81296694, 0.84293987, 0.87558222, 1.0507947, 1.0470413, 0.96988287, 1.1361341, 1.0116097, 0.97286385, 1.0046764, 0.9600571, 1.0487045, 1.0949914, 0.82553959, 0.80414107, 1.0191348, 1.0756918, 1.043571, 0.92778436, 1.0118134, 1.0634542, 0.99664822, 0.99557235, 0.94559337, 0.96085909, 1.0329842, 1.2530765, 0.97062924, 1.0783335, 0.89976207, 1.0047713, 0.84237451, 0.98105984, 0.87288179, 1.0121132, 0.86997302, 1.0229371, 0.81653412, 0.83031246, 0.92788568, 0.97355891, 1.082221, 0.83985636, 1.0357439, 0.98033838, 1.0856398, 1.0344009, 0.94535417, 1.0372319, 1.0725872, 0.99190252, 0.96871354, 0.88387853, 0.97386865, 0.99378284, 0.90111929, 1.0978337, 0.99984116, 0.83967136, 1.058562, 0.88096298, 0.95509212, 1.1167896, 0.95140358, 0.9779675, 1.1542201, 1.1476751, 1.0023211, 1.0716058, 0.90037875, 1.073683, 0.84952994, 1.2466531, 0.0015017025 ]
}
