
{
  "stepsize" : 0.21405615,
  "metric_type" : "diag_e",
  "inv_metric" : [ 0.2941678, 0.34054676, 0.67734889, 0.57186451, 0.6876635, 0.19654789, 0.84680525, 1.0337783, 0.9653644, 0.90134043, 0.8482936, 0.91230904, 0.78004566, 0.87223165, 1.0365903, 1.1791502, 1.161604, 1.0547227, 0.89773335, 0.98676456, 0.8661186, 0.95527435, 0.97758305, 0.95159321, 1.1419057, 0.93522473, 1.0202858, 0.85059348, 0.82072498, 1.0286126, 0.8872131, 0.96505063, 0.93503964, 0.93710816, 0.86051541, 1.0201523, 0.89301426, 0.99026623, 0.99290348, 0.85832894, 1.2076042, 0.87858661, 1.0023125, 0.95919521, 0.96945513, 0.87001021, 0.78632929, 0.85031709, 0.829403, 1.0097077, 1.0313187, 0.93043209, 1.1301774, 0.84841388, 1.032122, 0.96895844, 1.1393178, 0.93430652, 0.99143827, 1.1189901, 1.0522249, 0.94010519, 1.013118, 0.98924794, 0.86997586, 0.93799959, 1.053679, 1.0980712, 0.87370783, 0.89936914, 1.1011656, 0.86279166, 0.96973035, 0.96791041, 1.0862114, 0.86988104, 0.96539426, 1.0072922, 1.0128607, 1.0988618, 1.1141016, 1.0036192, 0.98432912, 1.0289362, 1.0432092, 0.93284153, 0.83575747, 1.0078478, 0.7696433, 1.1147434, 0.88942991, 0.87789532, 1.0164636, 1.0318469, 1.006234, 0.84806309, 1.0642506, 1.0536155, 1.0215886, 0.76650035, 1.1671611, 0.98828744, 1.0579416, 1.2254988, 1.0506917, 1.0486547, 1.1153159, 1.0792027, 0.91815205, 1.0392789, 0.99822167, 1.1251734, 0.92700389, 0.96261269, 1.1594433, 1.123176, 0.92346186, 0.97932255, 0.91679778, 0.99782121, 1.1602453, 0.96388464, 1.0358166, 0.96431975, 1.1383797, 1.0933178, 0.0013184011 ]
}
