
{
  "stepsize" : 0.26066222,
  "metric_type" : "diag_e",
  "inv_metric" : [ 0.32831008, 0.37160365, 0.64780457, 0.43923006, 0.59152978, 0.16282309, 1.128755, 0.99212523, 0.89592503, 0.90985086, 0.95340742, 0.96001693, 1.0367561, 0.94024899, 0.99667088, 1.0871486, 1.1394428, 0.97508602, 1.0235278, 0.96948431, 1.0823066, 1.0488701, 0.99175607, 1.0140046, 0.81597681, 0.86452821, 0.93674611, 1.0001017, 1.1563478, 0.97999505, 0.99638459, 0.97214246, 0.8518344, 1.0291517, 1.0912827, 1.0017313, 1.0604866, 0.97011077, 0.92414299, 1.0026766, 0.7968607, 0.95595791, 0.99653128, 1.1690296, 0.80259202, 0.87047623, 0.85903006, 0.87658139, 0.8725027, 0.89105837, 0.99169469, 1.0301171, 1.1020417, 0.94570331, 1.1204639, 0.98731395, 0.98470247, 1.0474476, 0.84183263, 1.1266989, 1.0315926, 0.84178068, 0.88710642, 0.84994537, 1.0623109, 0.95779278, 0.86720209, 1.0421744, 0.89997085, 0.86096502, 1.0706775, 1.0972314, 1.0959202, 0.98183124, 0.93191008, 1.2273955, 1.0428122, 0.85218648, 1.1386049, 1.0518393, 0.87412814, 1.0323638, 0.97800944, 1.0949047, 1.0567191, 0.85128898, 1.1041343, 0.7517506, 0.9453537, 1.0215878, 0.79919076, 1.0672881, 0.87268292, 1.0071333, 1.0234154, 0.95106864, 1.2189932, 1.1492663, 0.84617342, 1.0533269, 1.1024522, 1.1693591, 1.1726823, 0.8776185, 0.81917827, 0.88874343, 0.90158382, 1.0073583, 0.84347195, 1.0548912, 1.0019358, 0.94400982, 0.89272346, 1.1178269, 0.72121843, 0.90530788, 1.0840513, 0.92244302, 0.93958279, 0.93775288, 1.048555, 1.2332254, 1.0970569, 0.87058553, 0.86560611, 1.2737029, 0.0014253824 ]
}
