
{
  "stepsize" : 0.25586283,
  "metric_type" : "diag_e",
  "inv_metric" : [ 0.31153108, 0.34749032, 0.65090494, 0.52408863, 0.69082536, 0.15373277, 0.91201339, 1.0293909, 0.97467751, 0.87605659, 0.99563201, 0.94482136, 1.0311669, 0.93104265, 0.78417908, 0.89780791, 1.0923809, 0.92294564, 1.1444333, 0.91114893, 0.94281281, 1.0380536, 1.195966, 0.84222382, 1.0720778, 0.95797361, 1.0254216, 1.1222838, 1.0524094, 1.0612169, 0.96427559, 1.063949, 0.99912923, 0.91228784, 1.1010244, 0.96824433, 1.0417075, 0.94063644, 1.1073489, 0.96879365, 1.0228238, 1.1191383, 0.98646604, 1.1727811, 0.88463682, 1.2049107, 0.89207524, 0.96853454, 0.99817673, 0.90237972, 0.9766754, 0.94293372, 0.90441374, 0.97777909, 0.90720816, 1.1240999, 1.0485887, 0.91739403, 0.88542194, 0.93769368, 1.141729, 0.96637504, 1.168417, 0.84578009, 1.054633, 0.98146977, 1.0751834, 0.91323216, 0.86050794, 0.92675031, 0.966569, 0.88994737, 1.0490328, 0.90543036, 1.0116202, 0.9372932, 0.89325334, 1.0183272, 0.98687852, 0.92631556, 0.97558426, 1.1759783, 1.1426177, 0.97146395, 0.98628106, 0.90176355, 0.96472108, 0.92891396, 0.80077591, 0.97480155, 0.91862623, 1.1387646, 0.98858888, 1.0272269, 1.0461066, 0.90285481, 1.0199423, 1.0888438, 0.88951891, 1.1426066, 0.97646829, 0.87118963, 0.98751141, 0.80726536, 0.9003756, 0.99038888, 0.95284124, 1.1059597, 1.0079675, 1.0786723, 0.98048048, 0.99514618, 0.81824765, 1.016359, 0.96448248, 1.0446252, 1.1299023, 1.0460588, 0.85514149, 1.0063768, 0.81898541, 0.98095491, 1.038481, 0.99077895, 0.88892094, 1.2445454, 0.0013624302 ]
}
