
{
  "stepsize" : 0.17892263,
  "metric_type" : "diag_e",
  "inv_metric" : [ 0.010203379, 0.021768901, 0.020622999, 0.019633111, 0.037768858, 0.25544899, 0.30872365, 0.36624729, 0.27547506, 0.60426386, 0.3834264, 0.2678089, 0.27020624, 0.29763065, 0.27963575, 0.30666925, 0.29722558, 0.25169619, 0.33908225, 0.22665981, 0.25908903, 0.24565654, 0.53645493, 0.28160681, 0.29127633, 0.26231678, 0.29311027, 0.38670149, 0.29952623, 0.52878019, 0.26381709, 0.28962448, 0.28984739, 0.27245434, 0.29274478, 0.36675845, 0.27332647, 0.35236607, 0.25684554, 0.29976965, 0.30562874, 0.28665792, 0.26992497, 0.30717298, 0.30321978, 0.60189506, 0.28163059, 0.27332955, 0.28598578, 0.25148887, 0.27314936, 0.31966572, 0.30111721, 0.26999756, 0.25482493, 0.26041065, 0.25631737, 0.26147858, 0.26522106, 0.26104709, 0.29741366, 0.27918293, 0.32140107, 0.50636868, 0.3116736, 0.3111659, 0.25610939, 0.35435984, 0.53252727, 0.27612938, 0.26054239, 0.2905834, 0.26618217, 0.36538845, 0.2829062, 0.28879554, 0.3974629, 0.27160494, 0.26990802, 0.25955338, 0.23710391, 0.28575005, 0.23071825, 0.24108589, 0.26975879, 0.26482101, 0.26907131, 0.4878657, 0.36318659, 0.26024755, 0.25723982, 0.27633419, 0.39588438, 0.35882869, 0.25682899, 0.29851891, 0.27265503, 0.27582459, 0.26530413, 0.27389587, 0.29122651, 0.29837389, 0.27349496, 0.2955167, 0.2542985, 0.28533361, 0.29628963, 0.27955283, 0.29077017, 0.28881879, 0.26503105, 0.26032902, 0.26496895, 0.26929459, 0.27551225, 0.3540621, 0.36133412, 0.29863854, 0.29757956, 0.28394617, 0.2393011, 0.256987, 0.25349797, 0.26259353, 0.0085833761, 0.0022945556, 0.015650094, 0.015950329, 0.015987283, 0.021924516, 0.016630237, 0.021574661, 0.020944942, 0.017676381, 0.015600151, 0.034938217, 0.016639469, 0.018676522, 0.019312383, 0.020077204, 0.019439274, 0.017259465, 0.015618123, 0.015289531, 0.016789021, 0.017795539, 0.017370726, 0.023703928, 0.017627749, 0.016545667, 0.015889171, 0.014786775, 0.013741465, 0.015484322, 0.016960234, 0.018029389, 0.019169983, 0.019020724, 0.016688619, 0.015283072, 0.015985216, 0.018051586, 0.018341654, 0.035776837, 0.018588629, 0.031219764, 0.017027845, 0.014495778, 0.023575924, 0.021501706, 0.015918889, 0.015630737, 0.018123866, 0.018228406, 0.018016132, 0.018388743, 0.019537876, 0.022417141, 0.018929601, 0.020895298, 0.014403257, 0.013997265, 0.012051192, 0.019344928, 0.018524791, 0.019762702, 0.015736415, 0.017488263, 0.017554249, 0.02115728, 0.018567421, 0.019530606, 0.017607774, 0.016989081, 0.018100937, 0.030548013, 0.015311822, 0.017535424, 0.0161919, 0.01458659, 0.020009459, 0.026182479, 0.016439883, 0.022471027, 0.017099254, 0.019313892, 0.017884245, 0.018693892, 0.023407428, 0.018813484, 0.034621253, 0.014543548, 0.018006338, 0.014955864, 0.022477329, 0.016357336, 0.024267906, 0.01770636, 0.016059076, 0.015541741, 0.015725399, 0.015805938, 0.020338668, 0.031489796, 0.015858791, 0.016326472, 0.017756806, 0.013895416, 0.015966849, 0.018524249, 0.018273636, 0.015541058, 0.022155568, 0.02095024, 0.016037952, 0.016107045, 0.015186553, 0.017769798, 0.019696699, 0.014642856, 0.01710284, 0.027720576, 0.015545318, 0.018265507, 0.017372529, 0.0045297905, 0.0044011426, 0.00016738586, 0.00014152273, 0.00015307186, 0.00017350778, 0.0001545175 ]
}
