
{
  "stepsize" : 0.17186727,
  "metric_type" : "diag_e",
  "inv_metric" : [ 0.0098476463, 0.022028667, 0.021415406, 0.019009416, 0.03861873, 0.27186553, 0.29231421, 0.37541608, 0.2734242, 0.50406021, 0.37277875, 0.29549536, 0.26544421, 0.31247264, 0.2647802, 0.27429144, 0.29950257, 0.26459265, 0.35539807, 0.2607392, 0.27490448, 0.30383391, 0.5132379, 0.28073118, 0.2528151, 0.29120967, 0.27682227, 0.32929765, 0.28735166, 0.50805992, 0.28329933, 0.26573077, 0.30786371, 0.26060869, 0.24609259, 0.34920172, 0.28500368, 0.36533574, 0.27202346, 0.26492022, 0.27519624, 0.23025209, 0.28884008, 0.34939368, 0.29800016, 0.54537527, 0.28103613, 0.25601695, 0.28741775, 0.27559678, 0.25860683, 0.26543163, 0.28258158, 0.24292224, 0.30427902, 0.30009661, 0.24652668, 0.26837921, 0.26454636, 0.27191943, 0.23898899, 0.25303514, 0.33285143, 0.51190227, 0.26488061, 0.26173747, 0.29303471, 0.37864272, 0.45728893, 0.25967677, 0.2903161, 0.31187974, 0.28566533, 0.4137092, 0.27466929, 0.26686559, 0.32977084, 0.23903956, 0.29407822, 0.31162667, 0.27153268, 0.29734111, 0.28802359, 0.27971924, 0.25720266, 0.25573305, 0.28363737, 0.37787393, 0.36797649, 0.2944586, 0.260796, 0.23390954, 0.41959982, 0.33564468, 0.22454493, 0.27115903, 0.30488078, 0.26544443, 0.25200287, 0.27009289, 0.25521509, 0.26261477, 0.23527592, 0.27607582, 0.25851657, 0.28915118, 0.23269291, 0.31172198, 0.24855106, 0.29656816, 0.30036027, 0.30795513, 0.28837765, 0.28465416, 0.26994829, 0.37641382, 0.34919273, 0.32024994, 0.27569625, 0.28188604, 0.26637218, 0.26895462, 0.28975191, 0.2706129, 0.0082723409, 0.0023022023, 0.01673015, 0.01666037, 0.015987182, 0.023289569, 0.01360581, 0.019393939, 0.020668042, 0.017640612, 0.01558626, 0.035330784, 0.016467873, 0.015729033, 0.019927286, 0.019275088, 0.021687285, 0.015482205, 0.016075242, 0.014977193, 0.016471809, 0.016065141, 0.016884076, 0.021665012, 0.018910845, 0.018339784, 0.019515924, 0.016606126, 0.015244837, 0.015162543, 0.015482202, 0.018523184, 0.01804022, 0.018285326, 0.016918526, 0.016233279, 0.016072418, 0.015131942, 0.019186365, 0.031216831, 0.016885764, 0.026909246, 0.017684858, 0.014822722, 0.021805813, 0.021249629, 0.014759635, 0.017699566, 0.02047621, 0.020186301, 0.01673834, 0.017168765, 0.018778994, 0.016843731, 0.019924279, 0.021163043, 0.020355136, 0.015772273, 0.014051899, 0.0174633, 0.015151125, 0.016614596, 0.015454501, 0.019039429, 0.01639815, 0.023091678, 0.018071184, 0.019300868, 0.01950396, 0.015647598, 0.015684325, 0.027116139, 0.01600735, 0.016989717, 0.016118566, 0.016530151, 0.021430848, 0.02643956, 0.015460962, 0.02267674, 0.016777479, 0.019664004, 0.015437692, 0.01732155, 0.022378231, 0.019202453, 0.040756523, 0.014584659, 0.021069789, 0.015806418, 0.0221596, 0.018330104, 0.025478585, 0.015653299, 0.016825909, 0.016339094, 0.020427946, 0.017667438, 0.018157702, 0.026223847, 0.014516371, 0.019566168, 0.017231024, 0.014895825, 0.015310328, 0.020164836, 0.018611078, 0.014521364, 0.022892624, 0.020108199, 0.014927827, 0.01880264, 0.017170525, 0.01802656, 0.018087946, 0.017818147, 0.018150594, 0.031054873, 0.0153593, 0.018212602, 0.016116649, 0.0046464507, 0.004634401, 0.00013535667, 0.00016468891, 0.00015878804, 0.0001579918, 0.00016315485 ]
}
