
{
  "stepsize" : 0.16373413,
  "metric_type" : "diag_e",
  "inv_metric" : [ 0.011755851, 0.024916443, 0.023728598, 0.018756515, 0.036564233, 0.26974892, 0.27550773, 0.33460364, 0.28358807, 0.5144594, 0.32341928, 0.29353823, 0.23707649, 0.2682371, 0.28462452, 0.31297966, 0.26591095, 0.28439597, 0.3461297, 0.3089439, 0.27431047, 0.2575756, 0.47935982, 0.26760262, 0.32581777, 0.30190768, 0.280978, 0.39079976, 0.28384886, 0.48728732, 0.3023821, 0.27850251, 0.26873112, 0.3049198, 0.25290879, 0.35219199, 0.27343233, 0.37029702, 0.29997819, 0.28417178, 0.28063915, 0.26849836, 0.28083323, 0.35942167, 0.27474871, 0.56390079, 0.27508984, 0.28637028, 0.25049696, 0.24878866, 0.25302259, 0.24576215, 0.27464383, 0.26884765, 0.25541943, 0.28921447, 0.26358033, 0.29231699, 0.26216396, 0.27458651, 0.24747534, 0.27483236, 0.33614088, 0.5960792, 0.244906, 0.26486759, 0.24520642, 0.32608948, 0.51239655, 0.25491734, 0.30150907, 0.28623773, 0.22432007, 0.3538573, 0.2725277, 0.27200961, 0.33450377, 0.2783167, 0.26273039, 0.24376102, 0.27262082, 0.26020711, 0.30110592, 0.25123328, 0.26343476, 0.26104882, 0.26090384, 0.35222718, 0.359663, 0.27997712, 0.2823104, 0.28905631, 0.3961194, 0.33748513, 0.27239855, 0.31802581, 0.30515187, 0.26866581, 0.25634411, 0.28179783, 0.25950609, 0.24142198, 0.2770265, 0.26125901, 0.25386978, 0.28266152, 0.29529665, 0.24574181, 0.2784731, 0.31344307, 0.25569186, 0.31785378, 0.29016866, 0.26567268, 0.26504688, 0.34880018, 0.35148687, 0.28940554, 0.30084369, 0.28728856, 0.25000193, 0.3145497, 0.27005416, 0.25947669, 0.0084351515, 0.0023174818, 0.014886203, 0.017002841, 0.016766793, 0.023982785, 0.017652115, 0.021957174, 0.020319267, 0.016987331, 0.015919026, 0.040208342, 0.016289417, 0.017643584, 0.021114825, 0.019355787, 0.01773102, 0.014352734, 0.017506278, 0.01778578, 0.016580025, 0.018313887, 0.016453076, 0.021432979, 0.014370939, 0.016990462, 0.013742179, 0.016863779, 0.013905044, 0.017841612, 0.017451985, 0.016164802, 0.015807379, 0.018776628, 0.019671037, 0.015905156, 0.015137248, 0.016751802, 0.017476263, 0.028851321, 0.018572901, 0.028705832, 0.017369816, 0.016727915, 0.019911865, 0.022309859, 0.016670796, 0.018218499, 0.019610049, 0.020769112, 0.016339449, 0.016044232, 0.020235338, 0.018103133, 0.019145083, 0.023345407, 0.014055724, 0.015291505, 0.015191984, 0.018711685, 0.020075261, 0.018731058, 0.016038192, 0.018867163, 0.01706607, 0.020315298, 0.018127004, 0.019284261, 0.021061274, 0.017538345, 0.016435149, 0.030241556, 0.013690792, 0.018438463, 0.016537822, 0.017720965, 0.016518391, 0.024526459, 0.016956395, 0.021270364, 0.014876958, 0.019295396, 0.01417083, 0.017889591, 0.020820949, 0.019084504, 0.031722214, 0.015332697, 0.018020805, 0.017656286, 0.019682654, 0.016091417, 0.0251896, 0.01629124, 0.017120306, 0.015444393, 0.016391346, 0.015402383, 0.01743671, 0.030636544, 0.015642883, 0.018137062, 0.018708915, 0.017059034, 0.014435979, 0.019247029, 0.015197004, 0.01484145, 0.019743296, 0.020541241, 0.016082471, 0.016212655, 0.016268579, 0.015954965, 0.018583235, 0.018347205, 0.015612796, 0.034215775, 0.015529774, 0.018193931, 0.015251128, 0.0049224122, 0.0042602385, 0.00016224101, 0.0001692692, 0.00014106578, 0.00017878655, 0.00014792142 ]
}
