
{
  "stepsize" : 0.20143254,
  "metric_type" : "diag_e",
  "inv_metric" : [ 0.011077226, 0.02383174, 0.023963008, 0.019769408, 0.036585183, 0.26323264, 0.26450467, 0.34847672, 0.30261847, 0.4598318, 0.33340791, 0.2595465, 0.27357386, 0.28535634, 0.27442713, 0.25004917, 0.27953587, 0.26898526, 0.36841693, 0.30904019, 0.24492997, 0.25762779, 0.50293207, 0.27869245, 0.28922553, 0.28336411, 0.24002439, 0.34205629, 0.27689444, 0.5172909, 0.25959552, 0.28067236, 0.25757219, 0.23933293, 0.26357685, 0.36636315, 0.29913663, 0.33167638, 0.26603206, 0.27845964, 0.28347291, 0.26159679, 0.30478145, 0.30632664, 0.31514566, 0.48010213, 0.28432513, 0.28695575, 0.2596474, 0.25881186, 0.26332991, 0.26896947, 0.28609833, 0.26798064, 0.29827202, 0.26508456, 0.26543513, 0.28231306, 0.23408379, 0.27274151, 0.25493779, 0.26867473, 0.38198685, 0.50667953, 0.27904, 0.24736715, 0.29005097, 0.31421619, 0.44395352, 0.26847296, 0.29134185, 0.26096722, 0.29174328, 0.31904381, 0.29709868, 0.27402372, 0.34683631, 0.26506833, 0.28337269, 0.24781263, 0.24237268, 0.28788966, 0.28172707, 0.23319389, 0.28419975, 0.27815663, 0.26906152, 0.32644846, 0.37962259, 0.26896758, 0.27613775, 0.2963244, 0.37589676, 0.33441925, 0.29025409, 0.26708595, 0.27265893, 0.23159738, 0.28738631, 0.28375742, 0.25250001, 0.26981727, 0.24763945, 0.2605452, 0.23618066, 0.27646476, 0.28407021, 0.25727376, 0.26301035, 0.29318948, 0.24511231, 0.28334804, 0.25899892, 0.29382882, 0.24479427, 0.37219674, 0.33938213, 0.29654198, 0.29444653, 0.28159637, 0.27249385, 0.29461643, 0.26852805, 0.28148346, 0.0076741371, 0.0024069078, 0.015308772, 0.015465368, 0.015338733, 0.025899111, 0.016921666, 0.023515675, 0.019033083, 0.018689685, 0.014290131, 0.044711526, 0.017932573, 0.016287816, 0.021139103, 0.018290555, 0.017234776, 0.01689502, 0.015558653, 0.015577861, 0.018833685, 0.017194113, 0.016984781, 0.022032338, 0.017842463, 0.016127083, 0.019172336, 0.016264024, 0.01767045, 0.015477996, 0.018132894, 0.017690624, 0.019620114, 0.019620465, 0.019941789, 0.016909078, 0.016920235, 0.017469329, 0.019496354, 0.034200844, 0.020722442, 0.027223437, 0.014804204, 0.016465766, 0.017785028, 0.021032637, 0.016770544, 0.016109071, 0.017909483, 0.019030943, 0.016068181, 0.016350811, 0.020494594, 0.019799455, 0.019078792, 0.02105789, 0.018696603, 0.015723416, 0.015239145, 0.017449285, 0.017523649, 0.018783246, 0.015481362, 0.018815939, 0.014346237, 0.024367559, 0.016903095, 0.020062052, 0.020870283, 0.017504106, 0.015930132, 0.028500659, 0.014949622, 0.020877046, 0.015531765, 0.014999182, 0.016607776, 0.024386989, 0.020527957, 0.018768195, 0.01552684, 0.018239094, 0.018978929, 0.017196586, 0.022038841, 0.017398558, 0.036473706, 0.016458849, 0.018994933, 0.017013687, 0.022184413, 0.017278889, 0.02739586, 0.016775731, 0.014637636, 0.016793703, 0.017350576, 0.017770035, 0.016573049, 0.025523275, 0.016045597, 0.020679005, 0.016274062, 0.014683115, 0.015458957, 0.018237776, 0.018940874, 0.017106193, 0.022388446, 0.018339412, 0.016618184, 0.015925414, 0.014141371, 0.017369591, 0.020917723, 0.018721212, 0.017159709, 0.029256013, 0.016278888, 0.018280637, 0.017296083, 0.0049196284, 0.0047782234, 0.00016820952, 0.00014775596, 0.00015470017, 0.00015292654, 0.00014724127 ]
}
