parameter,mean,median,sd,q025,q975,prob_neg
beta_c1_x_disinhibition,0.0030417913410846617,0.0066079843,0.18843728739382776,-0.3669980275,0.3637624945,0.4875
