domain,cor_f0_within,p_value,n_obs
pid5_negative_affectivity,0.07429328608235972,0.1667113071411941,348
pid5_detachment,-0.002637089557547773,0.9609054639541463,348
pid5_antagonism,-0.10139996248250123,0.05880355812336385,348
pid5_disinhibition,0.024014799812252463,0.6552773877364844,348
pid5_psychoticism,-0.035696365785187464,0.5068677687833529,348
