variable,f0_wp,pid5_negative_affectivity_wp,pid5_detachment_wp,pid5_antagonism_wp,pid5_disinhibition_wp,pid5_psychoticism_wp
f0_wp,1,0.07429328608235974,-0.0026370895575478235,-0.10139996248250124,0.02401479981225247,-0.035696365785187464
pid5_negative_affectivity_wp,0.07429328608235974,1,0.3952971451693553,0.03057141820808042,0.42089975695045145,0.15293687207457743
pid5_detachment_wp,-0.0026370895575478235,0.3952971451693553,0.9999999999999998,0.24294083992210552,0.2788828606166628,0.2475284355045157
pid5_antagonism_wp,-0.10139996248250124,0.03057141820808042,0.24294083992210552,0.9999999999999999,-0.007953151098839362,0.18399743514760053
pid5_disinhibition_wp,0.02401479981225247,0.42089975695045145,0.2788828606166628,-0.007953151098839362,0.9999999999999999,0.11439396761921264
pid5_psychoticism_wp,-0.035696365785187464,0.15293687207457743,0.2475284355045157,0.18399743514760053,0.11439396761921264,1
